path,package,loc,function_count,type_count,sha256,rust_module
agi.go,main,92,1,0,b1c90d8f552a99684b721a7cfef718d4eb5d36b80930abc9190967a0e4e6ce8a,src/ported/agi_000.rs
apt.go,main,30,1,0,0369ac2c2acbb6aec78c3814e6b8059b1173434a1689d87a977c7644b7a66c0a,src/ported/apt_001.rs
auth.go,main,213,4,0,54ffd1c19436a064d5c4455eed59b41286b527a9702953dc3e9ba3ccfda971a6,src/ported/auth_002.rs
cluster.go,main,68,1,0,939d2fbedb74b3c2d6ea6c664dad07c3b24478da93ff4ba54b5eed249745ad45,src/ported/cluster_003.rs
console.go,main,299,3,0,66be354e7cd9f5a7f498b8135a0e8c04ef4f8fb6939ecd1cfbbbead07ce70df3,src/ported/console_004.rs
desktop.go,main,779,13,0,e903918b7cf0796c868303dfeac5e3572108694dce88c96d88bb9563d86e3586,src/ported/desktop_005.rs
devices.go,main,49,1,0,595ab8cc972f99963278b9d288b221a2caa1505045386d4bac92017ce0664601,src/ported/devices_006.rs
disk.go,main,234,2,0,48f018ca03dde77507fb6dda5baf70486eb7815b458a579ee2fd5ce5d90cc5d9,src/ported/disk_007.rs
disk_alpnas.go,main,1027,38,2,c24712e1235fcd5701630434a654859e4279653f9aedf1ee55db38f7ea53e7a2,src/ported/disk_alpnas_008.rs
error.go,main,97,4,0,38a1e1b60abd88f5bc88e833c3a34f7db169f50fcee6f57a15dd337ff7cfd551,src/ported/error_009.rs
file_system.go,main,3448,40,2,f912fdb6cec3b354724727c01c126157402d492cbced989e64749107006658df,src/ported/file_system_010.rs
hardware.power.go,main,129,4,0,18ff958599e82dbb70331444d34a7dfba597ed3796693b73833ffaa12cf1693d,src/ported/hardware_power_011.rs
installer_alpnas.go,main,551,22,3,72f97630bd3b3ab45bc52b5705adbb0a7149815cbb9a97b9e498f8307a5b1e78,src/ported/installer_alpnas_012.rs
iot.go,main,109,1,0,b7fae3c547e353ed8fc6d0c44bf612c29f80cc1a8c919447dcfa8a418df90184,src/ported/iot_013.rs
ldap.go,main,49,1,0,a08e676732b86fbf70332dc21991c7dc335602aee9a41d85354f1b8336976a52,src/ported/ldap_014.rs
main.flags.go,main,114,0,0,40cd632f6c1dba5f94d1edff13f8abe8b810e2c0080e0198fa578255202af19a,src/ported/main_flags_015.rs
main.go,main,148,3,0,7377ec14e3111a751b903fbe96d32528806313c42852c0c923a88adf4e6e57e2,src/ported/main_016.rs
main.router.go,main,201,2,0,5e85737c813b4ab7358eb68417ac7df001feb8b58b3fd80f15470a7ec89db2d4,src/ported/main_router_017.rs
mediaServer.go,main,74,1,0,4855e65cac0f5aa1bf720a60f64126a6259e38de1476e3f34e57cb51ed2964f6,src/ported/mediaserver_018.rs
mod/agi/agi.appctl.go,agi,180,5,0,a2191ecbdf8d92ad31e3a49fde068f08cb559cb9b7ba275a2851d162e3016ee6,src/ported/mod_agi_agi_appctl_019.rs
mod/agi/agi.appdata.go,agi,133,2,0,1af403a4693ca68e2531adfdf4227fbb18bb25525f16397283c8bc437a11bdaa,src/ported/mod_agi_agi_appdata_020.rs
mod/agi/agi.audio.go,agi,34,2,0,f5588d89c1b28ffc50a7f74554b0c66807f68d2c39fda9bd6b80834317926fee,src/ported/mod_agi_agi_audio_021.rs
mod/agi/agi.ffmpeg.go,agi,148,2,0,ff8b08aa8a4b6b0a5fbd25c987bd6822dc0bea51c487e11755d6599ae99a57d0,src/ported/mod_agi_agi_ffmpeg_022.rs
mod/agi/agi.file.go,agi,869,2,0,bffcbc67ba28bacd3cf8d0cc6ae3d425179afa891162d80996582a4de0cf1303,src/ported/mod_agi_agi_file_023.rs
mod/agi/agi.firewallctl.go,agi,119,3,0,f2c82db2c42ee4b1b63450986415279774f089d96bd057034b5500534bd3f2f2,src/ported/mod_agi_agi_firewallctl_024.rs
mod/agi/agi.go,agi,447,12,3,17629d96e4569d5287a0f60a80326c7285bc5793f499a88270808d7e3c16d62c,src/ported/mod_agi_agi_025.rs
mod/agi/agi.http.go,agi,293,2,0,2720c3db4e57480dd57e4324084811769083ec659c408658ab6c09773e861eda,src/ported/mod_agi_agi_http_026.rs
mod/agi/agi.image.go,agi,612,2,0,4b7cd28c8e65201058e01701099d8474d7ee7fe17b5c1691b23fe52f354ae384,src/ported/mod_agi_agi_image_027.rs
mod/agi/agi.iot.go,agi,294,2,0,e13bc5da5e93baad96d4de6330c30b7df47528057997039576e8ed75eb76c41d,src/ported/mod_agi_agi_iot_028.rs
mod/agi/agi.share.go,agi,137,2,0,49613ff02e14dbf20829557a18b7d9fb8d1d43c42e54992c329d3e671f45fa76,src/ported/mod_agi_agi_share_029.rs
mod/agi/agi.system.go,agi,358,1,0,6ff0aff8743ee59347bbd3f7dfd18ccfb9d708969433c97cbe13eeb65f994e5b,src/ported/mod_agi_agi_system_030.rs
mod/agi/agi.user.go,agi,286,1,0,6bc708acf4066df91a74f46ea13e8300e2e1c324ce85393f719f88cef9bed371,src/ported/mod_agi_agi_user_031.rs
mod/agi/agi.websocket.go,agi,234,2,0,4863ba637e3713c89770a85d9a0ca98ee084ad8c2b3a7b1c847b600497f387ed,src/ported/mod_agi_agi_websocket_032.rs
mod/agi/agi.zip.go,agi,1151,2,0,44295110e552b2252d0c069970c7b0a5952e26edf1aa8694248aaa2bc9fa0acf,src/ported/mod_agi_agi_zip_033.rs
mod/agi/error.go,agi,51,1,0,84687914787430fdc51b3543db67f1e14f6167ec8b3c20f850612f2645b3d5a8,src/ported/mod_agi_error_034.rs
mod/agi/externalReqHandler.go,agi,227,5,1,d03aebdd459b2fac30e4fed57f4ba128dce8c92007afbe4e7a9e1fdcc3622822,src/ported/mod_agi_externalreqhandler_035.rs
mod/agi/handler.go,agi,64,1,0,2b12f6f604412e7bb5f8db9708cf5abc9e81b2c393a405656880a50ab392fe0f,src/ported/mod_agi_handler_036.rs
mod/agi/moduleManager.go,agi,68,2,2,f921f87b3ae55897b1a0b10d0abdfd4b3f26df6eb54a69d8d67fd800570ddfab,src/ported/mod_agi_modulemanager_037.rs
mod/agi/serverlessReqHandler.go,agi,70,1,0,f25be140a57b60a0ff4376244e82d59bdaa031861fffac44d5f830f041d4c8df,src/ported/mod_agi_serverlessreqhandler_038.rs
mod/agi/static/ffmpegutil/ffmpegutil.go,ffmpegutil,98,4,0,f8db2cecd146a2241c182fd76ee00f93bf97f8783b2f5d70d3c8a9649c5c9867,src/ported/mod_agi_static_ffmpegutil_ffmpegutil_039.rs
mod/agi/static/static.go,static,131,8,1,35c91855adb201518b6e5f23de9ccc040713f5c70b6ce4c16b887711b64743c1,src/ported/mod_agi_static_static_040.rs
mod/apt/apt.go,apt,173,4,1,c132806f0bc7dad7b2efe08b833692a3704fe09c7c65a00551d077ddb0165f5b,src/ported/mod_apt_apt_041.rs
mod/auth/accesscontrol/accesscontrol.go,accesscontrol,1,0,0,d85c7287fb5a71d858e9e9e8bca93b9a1020aec920734fbcbaae76771f7f0d6e,src/ported/mod_auth_accesscontrol_accesscontrol_042.rs
mod/auth/accesscontrol/blacklist/blacklist.go,blacklist,109,5,1,7e0c669869435065f6281460d0b38e9230eb03cf57e7d48f51521a2f27e01c86,src/ported/mod_auth_accesscontrol_blacklist_blacklist_043.rs
mod/auth/accesscontrol/blacklist/blacklist_test.go,blacklist,80,4,0,239437e3877a587c56f4fc7d9ec93d9967705d68676d8d25815e7202487f0f05,src/ported/mod_auth_accesscontrol_blacklist_blacklist_test_044.rs
mod/auth/accesscontrol/blacklist/blacklistmanager_test.go,blacklist,168,5,0,b67aad0b26e4f1f00e355f16d18820605487e16f59213c0ec349c7cd81f21c7b,src/ported/mod_auth_accesscontrol_blacklist_blacklistmanager_test_045.rs
mod/auth/accesscontrol/blacklist/handler.go,blacklist,96,6,0,2a7bec330f760ba9ee9655cdd9cab9c8a61f2f01035f972b47cbc5f6d89d7b61,src/ported/mod_auth_accesscontrol_blacklist_handler_046.rs
mod/auth/accesscontrol/utils.go,accesscontrol,133,3,0,e40f9355409b40d464f6206e656babc34151b02db4f1001a7eb6594c370a46e9,src/ported/mod_auth_accesscontrol_utils_047.rs
mod/auth/accesscontrol/utils_test.go,accesscontrol,96,4,0,166693d122317890d426158f70ee1c18f3e4e8a8d7212c2307047547d92798a3,src/ported/mod_auth_accesscontrol_utils_test_048.rs
mod/auth/accesscontrol/whitelist/handler.go,whitelist,82,5,0,5367bbd4e0739e6cce8dccc011feff76985393f4385ad34bd31094f95228a086,src/ported/mod_auth_accesscontrol_whitelist_handler_049.rs
mod/auth/accesscontrol/whitelist/whitelist.go,whitelist,119,6,1,2179c05b733e317550fecdce84def41ef805878d9eee302356f2e8154259b3d1,src/ported/mod_auth_accesscontrol_whitelist_whitelist_050.rs
mod/auth/accesscontrol/whitelist/whitelist_test.go,whitelist,169,5,0,4d4258fe0850ef71068fac170ad20c6d22705d6b1db8c957b21db0149997290a,src/ported/mod_auth_accesscontrol_whitelist_whitelist_test_051.rs
mod/auth/accountSwitch.go,auth,546,25,3,35e483475237217571efdf78280c8f3ea3c91c5b383a8be61c28596f9c4a4f5b,src/ported/mod_auth_accountswitch_052.rs
mod/auth/auth.go,auth,642,27,2,bc6b9f9f7762c2030f2fc069f7570b52eb7ae356b3a7978b3929ea1b38e09686,src/ported/mod_auth_auth_053.rs
mod/auth/authlogger/authlogger.go,authlogger,171,7,2,bf6d0ff5e0406fe59196b373529b5edc190e4e4bc380e0b0b036e6ae66505ab0,src/ported/mod_auth_authlogger_authlogger_054.rs
mod/auth/authlogger/authlogger_test.go,authlogger,204,6,0,7431483ae99b2ac7e908a0987455cf6eda14906448bb524e56c7fa7e0e04bc6d,src/ported/mod_auth_authlogger_authlogger_test_055.rs
mod/auth/authlogger/handlers.go,authlogger,75,5,1,133167202c152b3515794e7c0aa98dbbaecb500bfc10504a6ec6488ddb4d9f80,src/ported/mod_auth_authlogger_handlers_056.rs
mod/auth/authlogger/handlers_test.go,authlogger,92,2,0,c69d71c92f3b303fa481190f0e9c82167dd67920a94e1f5cde83601798736eff,src/ported/mod_auth_authlogger_handlers_test_057.rs
mod/auth/autologin/autologin.go,autologin,77,4,1,7c3e6f115a56b80d70df882d8c3d855241a151d4b3c6613bc82d9cfa28b64461,src/ported/mod_auth_autologin_autologin_058.rs
mod/auth/autologin.go,auth,189,8,1,25a8fb24d7cc53f8190c69903294f75c1c28919acd6434a04ceba6a1a958c18f,src/ported/mod_auth_autologin_059.rs
mod/auth/batch.go,auth,151,3,0,eb87edd283fd2c58e6969bd51d3735e85b015961504edae1c359e847bc7ecd72,src/ported/mod_auth_batch_060.rs
mod/auth/explogin/explogin.go,explogin,167,7,2,82b2d8724881ce49670eb1476f090a86de6b394b56351e5fd6901e2bee629a30,src/ported/mod_auth_explogin_explogin_061.rs
mod/auth/explogin/explogin_test.go,explogin,142,8,0,a49a3f07f06517762c933c7df182f25b2067bc4fd07aa7ddaed8436b1e637717,src/ported/mod_auth_explogin_explogin_test_062.rs
mod/auth/internal.go,auth,63,6,0,e524d512d9577d9c01defb31874f11fafc24005d08ad57b3893ff73380dd77db,src/ported/mod_auth_internal_063.rs
mod/auth/ldap/common.go,ldap,21,2,0,2f5fb2694f22eeb00640ec64fa4a2c4264f9eb54f5da8edad9ef442c80e5513e,src/ported/mod_auth_ldap_common_064.rs
mod/auth/ldap/ldap.go,ldap,173,5,4,5b01207c3c1adc94c8d1015e51b4ec5f300f52e303a5e2ab8b67bc745e626852,src/ported/mod_auth_ldap_ldap_065.rs
mod/auth/ldap/ldapreader/reader.go,ldapreader,97,5,1,d241b82ffee38fea3c6f7c49188d425b051c92f76af835f7d3ad0514d4895bb0,src/ported/mod_auth_ldap_ldapreader_reader_066.rs
mod/auth/ldap/syncdb/syncdb.go,syncdb,79,6,2,fc0863638f071d271327376a2283b0528480fd426fac6fa075d0db078427016c,src/ported/mod_auth_ldap_syncdb_syncdb_067.rs
mod/auth/ldap/syncdb/syncdb_test.go,syncdb,95,5,0,4216718bdc40a3d5d378e31858adbdce7d29e4a098ddee35567ac3a434bd957b,src/ported/mod_auth_ldap_syncdb_syncdb_test_068.rs
mod/auth/ldap/web_admin.go,ldap,180,5,0,bc8fbf43679425fd54684e85d184b920dd9b3d561573f0aae0112a9993fef244,src/ported/mod_auth_ldap_web_admin_069.rs
mod/auth/ldap/web_login.go,ldap,226,5,0,610b7fa4c913ad14d08b6b26440b6fb6ccec6b4c244fcfc70b2ef31be7e35cfc,src/ported/mod_auth_ldap_web_login_070.rs
mod/auth/oauth2/github.go,oauth2,86,3,1,0f6ff90e8f2ca977ea492073b5507c9308c9bfcea77543350faba7c1a3607751,src/ported/mod_auth_oauth2_github_071.rs
mod/auth/oauth2/gitlab.go,oauth2,88,3,1,101f7887486c37496a9e0bd3ff101c738036375d6c7f2503fd574b10d1c72a85,src/ported/mod_auth_oauth2_gitlab_072.rs
mod/auth/oauth2/google.go,oauth2,43,3,1,95a69da2e3ffe98c1719d11529597e02ff407c6a4456b79b5ce27c61d3418668,src/ported/mod_auth_oauth2_google_073.rs
mod/auth/oauth2/microsoft.go,oauth2,48,3,1,30cdc4895cfda2246009ff2a37206071a7a998d03cda2e590cb27e5ca61a0b48,src/ported/mod_auth_oauth2_microsoft_074.rs
mod/auth/oauth2/oauth2.go,oauth2,342,9,2,4e72c43a82ad7958a5909caee329dccd087d7b0fc6f46123fc73b200da480e80,src/ported/mod_auth_oauth2_oauth2_075.rs
mod/auth/oauth2/serviceSelector.go,oauth2,53,3,0,3c5ab00d9a44b06d565e19456e4daa14e6b3d229587637116eab5fb791043251,src/ported/mod_auth_oauth2_serviceselector_076.rs
mod/auth/oauth2/syncdb/syncdb.go,syncdb,79,6,2,fc0863638f071d271327376a2283b0528480fd426fac6fa075d0db078427016c,src/ported/mod_auth_oauth2_syncdb_syncdb_077.rs
mod/auth/oauth2/syncdb/syncdb_test.go,syncdb,95,5,0,4216718bdc40a3d5d378e31858adbdce7d29e4a098ddee35567ac3a434bd957b,src/ported/mod_auth_oauth2_syncdb_syncdb_test_078.rs
mod/auth/register/register.go,register,315,14,2,2c34335d3b7601f60f3c882db03a0ee55ac2499609d75ecbc72cb38f7eab519e,src/ported/mod_auth_register_register_079.rs
mod/auth/token.go,auth,91,5,1,f81e5a99c4e2eac67a14991e8d3f158b6c91d3100324ee2f729e6e4a328ac08b,src/ported/mod_auth_token_080.rs
mod/cluster/wakeonlan/wakeonlan.go,wakeonlan,63,2,1,5e055c473cad60ad402b811fb9a36936598d7adb1b335963dd139c1b6dd5e6b5,src/ported/mod_cluster_wakeonlan_wakeonlan_081.rs
mod/compatibility/browser.go,compatibility,60,2,0,f2689052ca50086fa376a83f2c308b23772c03d267566770cf5189f5b85464b3,src/ported/mod_compatibility_browser_082.rs
mod/compatibility/compatibility.go,compatibility,10,0,0,12a5e1230193e3be3b2c0497a37441be09684ba62e846673f2ee69be1aca1354,src/ported/mod_compatibility_compatibility_083.rs
mod/console/console.go,console,32,2,1,033596eadc947677de22c1b5178ac425d4ca86d6eac2b434525733b754a9e83b,src/ported/mod_console_console_084.rs
mod/database/database.go,database,120,12,1,0d2a2a6050ba72f2c10b7a16adfb65e84e94319c3663b48cd99b0d9931488aa3,src/ported/mod_database_database_085.rs
mod/database/database_core.go,database,189,11,0,4acc04e18d40f4fac06365fdac0464f07bfa73e01dc2f7dee412f37602261dd0,src/ported/mod_database_database_core_086.rs
mod/database/database_core_test.go,database,133,3,0,0726755e9c343de924f6693e6c14850b7f6fc709a9da93c36d26b9390ccdf1a5,src/ported/mod_database_database_core_test_087.rs
mod/database/database_openwrt.go,database,208,13,0,1988ef5419c581d0ced0b0578f9cb4dcbbe0ff905586e6201efe23cf8d313fb5,src/ported/mod_database_database_openwrt_088.rs
mod/disk/diskcapacity/dftool/dftool.go,dftool,96,1,1,cadda68fbf32f7bda914b9a3dc8e74ca42986eaa538dd3c73e58d122deb17517,src/ported/mod_disk_diskcapacity_dftool_dftool_089.rs
mod/disk/diskcapacity/diskcapacity.go,diskcapacity,134,4,2,0fc5318c2884f7e90ae0e77f78e3f471ad9c22d5c868af4249261afbeec476bb,src/ported/mod_disk_diskcapacity_diskcapacity_090.rs
mod/disk/diskfs/devices_linux.go,diskfs,429,20,2,b516bc81a27a12897bfcf9982034d88bc774fd5ceac170fee28793b3046710fd,src/ported/mod_disk_diskfs_devices_linux_091.rs
mod/disk/diskfs/diskfs.go,diskfs,276,10,3,97beb5f5581bfeec48a61f158bf65a4e12dd47f84d8c40a85d89de43fb724ebf,src/ported/mod_disk_diskfs_diskfs_092.rs
mod/disk/diskfs/disklb.go,diskfs,24,1,0,39f69fcb7d9488719592dbe269e7b7cbf17d1b7b066475dc7ba8bc4d7d2f324b,src/ported/mod_disk_diskfs_disklb_093.rs
mod/disk/diskmg/diskmg.go,diskmg,504,14,6,fdf5db3d4080c6f91180000d42fab9a95925e3c44674cff9be74376ec5913538,src/ported/mod_disk_diskmg_diskmg_094.rs
mod/disk/diskspace/diskspace.go,diskspace,150,3,1,defeb4673f9bd24fb0b14b3eaa41918e89784317eb8c8724fdf3c70c8fe5d28e,src/ported/mod_disk_diskspace_diskspace_095.rs
mod/disk/raid/handler.go,raid,681,15,0,bc2f9d93394de8eca0cd3686285911c6ba52756c8de09251a420d11405b690a6,src/ported/mod_disk_raid_handler_096.rs
mod/disk/raid/losetup.go,raid,135,6,1,3b7a241e2e4a235d6e72e22f28ce572bfcd72e4c0187c9838168f3ece25cd54d,src/ported/mod_disk_raid_losetup_097.rs
mod/disk/raid/mdadm.go,raid,318,8,2,48b72a6da6670e78548e4e08393b30b813f46023d9e337f6477e04300a5b9998,src/ported/mod_disk_raid_mdadm_098.rs
mod/disk/raid/mdadmConf.go,raid,205,4,0,ab4ebf5d6f7b943db2860d706c9f2302310aef93a37fb98f94bb7468113fd37a,src/ported/mod_disk_raid_mdadmconf_099.rs
mod/disk/raid/raid.go,raid,83,3,2,b5cd301b3e4b925e2bd409383c2995622b5ae3028f766a963bb772d306dd0234,src/ported/mod_disk_raid_raid_100.rs
mod/disk/raid/raid_test.go,raid_test,76,4,0,ca77865a394ead0fd753e7f2415e6da2df00e98b314c6adb698ec3f0c06910eb,src/ported/mod_disk_raid_raid_test_101.rs
mod/disk/raid/raiddetails.go,raid,176,3,2,1fbc43fe99b0733631b338ef7ced4aa38e45425af107d6ce16bc8424053f313e,src/ported/mod_disk_raid_raiddetails_102.rs
mod/disk/raid/raidutils.go,raid,291,14,0,1319ec1693dafa5d2585b5d2ec4ad05fcc9f933c27bb802912d13e9d37d62593,src/ported/mod_disk_raid_raidutils_103.rs
mod/disk/raid/status.go,raid,75,3,1,b8ea3c3be31e62dc34f84564f20807f36d7f68ad7ef9585c6ea0da0d64d41b76,src/ported/mod_disk_raid_status_104.rs
mod/disk/smart/helper.go,smart,54,2,0,07ce73bd8fee4d74ddf9a6ed403ccd216a24dcd099d7311a74054bb7942e70e7,src/ported/mod_disk_smart_helper_105.rs
mod/disk/smart/smart.go,smart,153,7,1,1c108d94b6be15cfdcb5146a0dfc4851e32d5b192df8120297f260f93ecd9819,src/ported/mod_disk_smart_smart_106.rs
mod/disk/smart/structure.go,smart,220,0,2,a826b7d496e4dd6e1937e941b36c01284b52bc9aae8b7930d4a7980c92d03ef4,src/ported/mod_disk_smart_structure_107.rs
mod/disk/sortfile/sortfile.go,sortfile,109,2,1,25c96de28f6c8b7695523157fedae2f6f9c609c2d38bd81c50e50d173951282c,src/ported/mod_disk_sortfile_sortfile_108.rs
mod/fileservers/fileservers.go,fileservers,18,1,0,20607b378c80b9be4bbdd20fd1991008b7c3104498b8aee4260525f6196a29bb,src/ported/mod_fileservers_fileservers_109.rs
mod/fileservers/servers/dirserv/dirserv.go,dirserv,178,5,2,82a849b91e155237e3815320f59c93e80b1671a6f7dcbbf2fe3b945d7af3c42a,src/ported/mod_fileservers_servers_dirserv_dirserv_110.rs
mod/fileservers/servers/dirserv/template.go,dirserv,139,5,0,98a8a2fc527fb860c506135d19fc78fa4fa14defa0c527fca5c3721ecbe51158,src/ported/mod_fileservers_servers_dirserv_template_111.rs
mod/fileservers/servers/ftpserv/ftpserv.go,ftpserv,260,7,3,fe166c151e755a3662c62bea43799c50319727d12e111c1652c908df9fc6ad66,src/ported/mod_fileservers_servers_ftpserv_ftpserv_112.rs
mod/fileservers/servers/ftpserv/handler.go,ftpserv,154,7,0,97c135735e302bfa8025377d0bb3d6131704dba29ad8e870827509a116211058,src/ported/mod_fileservers_servers_ftpserv_handler_113.rs
mod/fileservers/servers/samba/handlers.go,samba,630,13,0,629754e51c75b5a5d8a4ca9131404409471f0ee336c8f6fc8723461dabe99a0c,src/ported/mod_fileservers_servers_samba_handlers_114.rs
mod/fileservers/servers/samba/helpers.go,samba,152,8,0,bc01b38e217a722ee2d826e644e50a041b030fc699dc2c11ae481b51718150bc,src/ported/mod_fileservers_servers_samba_helpers_115.rs
mod/fileservers/servers/samba/required.go,samba,83,4,0,176149d8d609ed545b1847c3579a35c203ca90d54d1e0b8357a0349edf53f819,src/ported/mod_fileservers_servers_samba_required_116.rs
mod/fileservers/servers/samba/samba.go,samba,417,12,2,386fa0b4974f54f4eecfadc1717185d5a9d30af3ea99268046b4bb6599aa3b81,src/ported/mod_fileservers_servers_samba_samba_117.rs
mod/fileservers/servers/samba/sambashare.go,samba,51,3,0,2c56ce5b7c752b9c2fb94240510f5f5395f3844fb6b149c7d35025fc7500f09e,src/ported/mod_fileservers_servers_samba_sambashare_118.rs
mod/fileservers/servers/samba/smbd.go,samba,60,2,0,1e4a95d03af0099b7905e3672234a1f12789627041e63c2b74e5bb992a600ad7,src/ported/mod_fileservers_servers_samba_smbd_119.rs
mod/fileservers/servers/samba/smbuser.go,samba,156,6,1,419d0f17d080d4614fa675a803561ed9852f81ca84bdc78ae74266c307c6124e,src/ported/mod_fileservers_servers_samba_smbuser_120.rs
mod/fileservers/servers/sftpserv/sftpserv.go,sftpserv,223,10,2,08bc560ba50cbf1e68a99fb8c57773f2b24df1dd96200a26c58857adcc277284,src/ported/mod_fileservers_servers_sftpserv_sftpserv_121.rs
mod/fileservers/servers/tftpserv/handler.go,tftpserv,95,5,0,ebccb2e2a8a3a1895ace50c09b4bebeb4e63be4989ae4b2bc2e6b81d43dcab50,src/ported/mod_fileservers_servers_tftpserv_handler_122.rs
mod/fileservers/servers/tftpserv/tftpserv.go,tftpserv,150,7,3,9b12815bbbf4a958818d4498fba41c3fd74e11be2e3678e283918a80192111a0,src/ported/mod_fileservers_servers_tftpserv_tftpserv_123.rs
mod/fileservers/servers/webdavserv/webdavserv.go,webdavserv,120,9,2,7f4926bbe17b1eae782997249cc482b80f0bc2207d4cf22e6d5818f4091970f2,src/ported/mod_fileservers_servers_webdavserv_webdavserv_124.rs
mod/fileservers/typedef.go,fileservers,30,0,2,eb7a533780604931c57b815f381f782e3d50ca4286581cd2fd00fdd18d4a4849,src/ported/mod_fileservers_typedef_125.rs
mod/filesystem/abstractions/emptyfs/emptyfs.go,emptyfs,124,29,1,b2f3b3b52a04101dcb9cec52a97c93eb2af2e2de093e4ebb5cef14f1077a0607,src/ported/mod_filesystem_abstractions_emptyfs_emptyfs_126.rs
mod/filesystem/abstractions/ftpfs/ftpFileWrapper.go,ftpfs,75,12,3,3b1f03051357e5b51c33dbba7162138c2c0ee9c748f47dc2729b16ad8fed12c3,src/ported/mod_filesystem_abstractions_ftpfs_ftpfilewrapper_127.rs
mod/filesystem/abstractions/ftpfs/ftpfs.go,ftpfs,400,32,1,61ea29518347bac6e4d0f21c161feecc9a569ba921ceca855eace26d3b261ecf,src/ported/mod_filesystem_abstractions_ftpfs_ftpfs_128.rs
mod/filesystem/abstractions/localfs/localfs.go,localfs,189,29,1,79a1d21099a151fe0f8717f86e5556a4991673e6511450e6979a30593b2bf50d,src/ported/mod_filesystem_abstractions_localfs_localfs_129.rs
mod/filesystem/abstractions/sftpfs/sftpFileUtil.go,sftpfs,127,24,2,3baaf44bb06598840f7907038268fb592fd5573601fa4658b70695b3f1778816,src/ported/mod_filesystem_abstractions_sftpfs_sftpfileutil_130.rs
mod/filesystem/abstractions/sftpfs/sftpfs.go,sftpfs,338,29,1,ef36fea9e39e568e172b41388f245de7b2c7d889e2ad6186fcb7539edf88fb32,src/ported/mod_filesystem_abstractions_sftpfs_sftpfs_131.rs
mod/filesystem/abstractions/smbfs/smbFileWrapper.go,smbfs,109,24,2,a5ad680bca59a9eef991341fe0abaf6c277c460f5e72148abde079e9f1e2bcc1,src/ported/mod_filesystem_abstractions_smbfs_smbfilewrapper_132.rs
mod/filesystem/abstractions/smbfs/smbfs.go,smbfs,407,33,1,ce92a7fd98c30b398dbb0cc66dca647470a5e935dd63588ab9ac288b58814cd1,src/ported/mod_filesystem_abstractions_smbfs_smbfs_133.rs
mod/filesystem/abstractions/webdavfs/webdavDirEntry.go,webdavfs,29,5,1,b1bfc2af8d97aa6088bec6e2a8a2c377dc25819abe839baddd57d3228f65fa06,src/ported/mod_filesystem_abstractions_webdavfs_webdavdirentry_134.rs
mod/filesystem/abstractions/webdavfs/webdavfs.go,webdavfs,371,33,1,80b23362e7c7892bc2fd538b5427ad913c2048a3fee44acdb5ae11762d808bf0,src/ported/mod_filesystem_abstractions_webdavfs_webdavfs_135.rs
mod/filesystem/arozfs/arozfs.go,arozfs,186,9,2,6534453c64e86556004abcf3102434b42b4a4206f335fd54ed8c846227d381d2,src/ported/mod_filesystem_arozfs_arozfs_136.rs
mod/filesystem/config.go,filesystem,74,2,1,5df4f03b19b4db69581ff8209303a66dcbd19739f079fc977c4a72af8cde03f3,src/ported/mod_filesystem_config_137.rs
mod/filesystem/fileOpr.go,filesystem,997,17,0,41fe39dca5dafb35a8ea423de8470c5f841640f14ade50facbe497890457a1ee,src/ported/mod_filesystem_fileopr_138.rs
mod/filesystem/filesystem.go,filesystem,499,14,5,bb49d591e6bdcb5eab2fa7746d102545f2bcec24ecef62880ed662325baa670b,src/ported/mod_filesystem_filesystem_139.rs
mod/filesystem/fspermission/fspermission.go,fspermission,88,2,0,815ce643cd7789f8b12445a5c4c72d4feaea41d259f677abec86b8894667aba0,src/ported/mod_filesystem_fspermission_fspermission_140.rs
mod/filesystem/fssort/fssort.go,fssort,145,4,1,6894a2d110c216800b291cfe53f2ea57213e8b552cd2b6ba9bcbf37067bc1597,src/ported/mod_filesystem_fssort_fssort_141.rs
mod/filesystem/fssort/smartsort.go,fssort,59,2,0,04cf9382a54b335f93b42284d25cb17c356d4560a46856307abefba248d3a163,src/ported/mod_filesystem_fssort_smartsort_142.rs
mod/filesystem/fuzzy/fuzzy.go,fuzzy,113,3,1,c820b5adca5454d18504d4c0796805188ebef878d39a61ceeeb1883cde547422,src/ported/mod_filesystem_fuzzy_fuzzy_143.rs
mod/filesystem/hidden/hidden.go,hidden,42,2,0,90a7340005541fc4ad4dcbe1fc606704fcd8a94eb176baa4e8617444bcbd02fc,src/ported/mod_filesystem_hidden_hidden_144.rs
mod/filesystem/hidden/hide.go,hidden,27,2,0,29f54f7e00089aba3ae62af9b03c5f4aaa9b20e592cc8aafde32b1e24805cfbd,src/ported/mod_filesystem_hidden_hide_145.rs
mod/filesystem/hidden/hide_windows.go,hidden,44,2,0,221cc07a06ee9ff4f1f74db6b014c521ae09772ecf08467e982dafe68d67ea50,src/ported/mod_filesystem_hidden_hide_windows_146.rs
mod/filesystem/localversion/localversion.go,localversion,225,7,2,a93166b7b22da2de1851cab96fcebc3fccb557f9b29f74bf90580028992a17cf,src/ported/mod_filesystem_localversion_localversion_147.rs
mod/filesystem/metadata/audio.go,metadata,77,1,0,b8392f69ce9e558a294c5e247769763d85f6ddb4afbbbf0cbff0a66bfe2fdb46,src/ported/mod_filesystem_metadata_audio_148.rs
mod/filesystem/metadata/folder.go,metadata,189,2,0,b8a5632fe9f9ee8ce97faaf30c4c253cb69b466b41167e62d9880ea6471909c8,src/ported/mod_filesystem_metadata_folder_149.rs
mod/filesystem/metadata/image.go,metadata,115,2,0,470897ebe6006e065a7f1c57dc1a1bb01e3ef4676304a8ee4b9eed9d435c1aa1,src/ported/mod_filesystem_metadata_image_150.rs
mod/filesystem/metadata/metadata.go,metadata,411,13,1,5f0703c95d02a389c6579e356e251f191d44d36a449dc765a9a799fe97b8848a,src/ported/mod_filesystem_metadata_metadata_151.rs
mod/filesystem/metadata/model.go,metadata,61,1,0,0676330a98efcde401f190129dad91fc775d1e78a5de0ad62915d751486894f4,src/ported/mod_filesystem_metadata_model_152.rs
mod/filesystem/metadata/psd.go,metadata,82,1,0,d8d30663b69f0bbfe2b7d21ccdc8f8ea9f14ee16d96b510ddc97dd5722d47eab,src/ported/mod_filesystem_metadata_psd_153.rs
mod/filesystem/metadata/raw.go,metadata,598,9,0,ec1ef991c60843925758afa88ab6bd15d498c85edb30e5301bb6c630f26a54aa,src/ported/mod_filesystem_metadata_raw_154.rs
mod/filesystem/metadata/raw_test.go,metadata,241,4,0,080e263dccf635693157411b706f57f4e4335cf1e9277844c020c4d686fea375,src/ported/mod_filesystem_metadata_raw_test_155.rs
mod/filesystem/metadata/svg.go,metadata,91,1,0,adae022fa887c58577a46d74c5d3e1d38acb62d8dfefe6305ee05d2073b0c996,src/ported/mod_filesystem_metadata_svg_156.rs
mod/filesystem/metadata/video.go,metadata,84,2,0,93620edb3426c608bbb18202439dfdbd3a05ad96a16b0e6bbd2416e3ff692cd4,src/ported/mod_filesystem_metadata_video_157.rs
mod/filesystem/renderer/renderer.go,renderer,105,3,2,8e7a531400f68abdf179174fc01a2049dde3907b0a92376ef3e2e8c2ef089224,src/ported/mod_filesystem_renderer_renderer_158.rs
mod/filesystem/shortcut/shortcut.go,shortcut,52,2,0,1e15d3c46be5392d02bae7cf0630ba9ab3bf87f60a1d1fddd34a4ad1cbf8a535,src/ported/mod_filesystem_shortcut_shortcut_159.rs
mod/filesystem/static.go,filesystem,493,20,4,636695818081aac76bdc5086a0193350b3af9297e37a67eee5ca8a88509469e4,src/ported/mod_filesystem_static_160.rs
mod/info/hardwareinfo/hardwareinfo.go,hardwareinfo,132,5,4,7131ebd6894b0fc9b763da4c2f29f0cc30df8eff26db75e6dc3ad47919ba562f,src/ported/mod_info_hardwareinfo_hardwareinfo_161.rs
mod/info/hardwareinfo/sysinfo.go,hardwareinfo,202,5,0,69662b28a6961f772c4dcd379d22886a4517c4b58e41f28ed9f2646f8a093725,src/ported/mod_info_hardwareinfo_sysinfo_162.rs
mod/info/hardwareinfo/sysinfo_darwin.go,hardwareinfo,237,9,0,272b76f77a3c46e4a4c89071919519ffc949f0bd506e2b74632b874735a6eba0,src/ported/mod_info_hardwareinfo_sysinfo_darwin_163.rs
mod/info/hardwareinfo/sysinfo_freebsd.go,hardwareinfo,234,9,0,8c27d1a89b5a59c0afb44c2f4b253b8f3693101a9c7a762e234f1db3b280ed8a,src/ported/mod_info_hardwareinfo_sysinfo_freebsd_164.rs
mod/info/hardwareinfo/sysinfo_window.go,hardwareinfo,98,5,0,5c70e3ad10e093da9ee62a96e32070bab061042189c31d888005dc5b985d0584,src/ported/mod_info_hardwareinfo_sysinfo_window_165.rs
mod/info/logger/logger.go,logger,104,7,1,c0ca14932cd9bfe47191e94c19dc144b77ac99d67370c184d86fc41776c0cdc2,src/ported/mod_info_logger_logger_166.rs
mod/info/logviewer/logviewer.go,logviewer,123,5,3,ccca3a652229e2125362d9522a4d4179f255bf211eeff5430559bb0aaf35303a,src/ported/mod_info_logviewer_logviewer_167.rs
mod/info/usageinfo/cpu.go,usageinfo,97,3,1,ea12309414f669f10f81f89d9662b7f0b9eb85c5825b94659edf5ca1ef3cf462,src/ported/mod_info_usageinfo_cpu_168.rs
mod/info/usageinfo/usageinfo.go,usageinfo,387,3,0,3b721ffe89b0c1d742c42d60a108d0797980619d06746173433d458679d9f86d,src/ported/mod_info_usageinfo_usageinfo_169.rs
mod/iot/assits.go,iot,81,1,0,b0318b46643c52499ef9e2dd821b2fd44c601c015a6fc6479c697f4a529a542f,src/ported/mod_iot_assits_170.rs
mod/iot/handlerManager.go,iot,222,11,1,ced524010a4ce07d93a723400e34551c4428db34a02abcef44975dab404032df,src/ported/mod_iot_handlermanager_171.rs
mod/iot/hds/hds.go,hds,202,9,1,dca4a7cd5a9669e56a27ea8bb25227bfc5409d1831115b2f5fdef7b90d2052e8,src/ported/mod_iot_hds_hds_172.rs
mod/iot/hds/utils.go,hds,92,6,0,93a22543e00c9862c3cb0b327e97e25833e7f9081911e7969fd7a873a8543b36,src/ported/mod_iot_hds_utils_173.rs
mod/iot/hdsv2/hdsv2.go,hdsv2,225,11,1,635a9bc5fc3999ff36cfb9a99b9449822ca36de5c708380b53c4e79a1f3d9172,src/ported/mod_iot_hdsv2_hdsv2_174.rs
mod/iot/hdsv2/utils.go,hdsv2,37,2,0,f2b707a98dfa7e7fa57626dda7aee5ebf75741ead9aa3d38ad8ffcfc030c337a,src/ported/mod_iot_hdsv2_utils_175.rs
mod/iot/iot.go,iot,73,0,5,ed61b217e810b24db6832237d1d6548a5e88bf3c76fffdcdb0b3d535f516f290,src/ported/mod_iot_iot_176.rs
mod/iot/sonoff_s2x/sonoff_s2x.go,sonoff_s2x,178,9,1,dc196b3ac2285677118f3b8cd7045b68f35780202c0ba18da6190b0b8c948add,src/ported/mod_iot_sonoff_s2x_sonoff_s2x_177.rs
mod/iot/sonoff_s2x/utils.go,sonoff_s2x,37,2,0,a7159fd4b44b2cbaef2762666d7d088e1fdeeb22006b37a0ab27eb0df5eb687d,src/ported/mod_iot_sonoff_s2x_utils_178.rs
mod/media/mediaserver/mediaserver.go,mediaserver,478,8,2,4b867404d2dd293bdb82f4939adf40aab73f2e4acb8bb663667d07af1235f70b,src/ported/mod_media_mediaserver_mediaserver_179.rs
mod/media/transcoder/transcoder.go,transcoder,116,1,1,f51b6f852a3b5ad2c76ebca120aa61b188c42d601e2d9a52638043f46a9abbeb,src/ported/mod_media_transcoder_transcoder_180.rs
mod/modules/installer.go,modules,272,6,0,5715306b29bed71293924ed1fa1aca3689fc44ce531190d3d583d865d32ff01b,src/ported/mod_modules_installer_181.rs
mod/modules/module.go,modules,255,11,2,054922e1fd95efb0d4496ada5556feb95afa610d68e0231e57fca4ff81d64bc1,src/ported/mod_modules_module_182.rs
mod/network/dynamicproxy/dpcore/dpcore.go,dpcore,394,13,4,8199d87e80f27d8f30a6ea14af0982012f8667ab5e188550d921942e3cb0592a,src/ported/mod_network_dynamicproxy_dpcore_dpcore_183.rs
mod/network/dynamicproxy/dynamicproxy.go,dynamicproxy,195,6,5,d5238fa1dad9614922595025ef497e3b41f43f88d5a876b99d3f282fa528eded,src/ported/mod_network_dynamicproxy_dynamicproxy_184.rs
mod/network/dynamicproxy/proxyRequestHandler.go,dynamicproxy,99,5,0,baaf4d503c0eea475953d4c03050b866c9eb6674ae0ae82aa67683924f00881d,src/ported/mod_network_dynamicproxy_proxyrequesthandler_185.rs
mod/network/dynamicproxy/subdomain.go,dynamicproxy,44,1,0,2b13f50ecfc1dcf2ef183e97ba08a1fbf382476b95fbbd572b6c4c419e9431b0,src/ported/mod_network_dynamicproxy_subdomain_186.rs
mod/network/gzipmiddleware/gzipmiddleware.go,gzipmiddleware,107,5,2,e837b0c2f7f8b13693d9ebfbc69f0b439cb39ab49bc3d9decb247cf2b005febf,src/ported/mod_network_gzipmiddleware_gzipmiddleware_187.rs
mod/network/mdns/common.go,mdns,27,2,0,18ce462d992fa03dd04cef5cc8d2e560274d6382d5701cedba7ae6676dd7315b,src/ported/mod_network_mdns_common_188.rs
mod/network/mdns/mdns.go,mdns,229,3,2,ff79c9d92bf730ac17ae67b1bf552b53be6516c06f810315e050c89a85c12a2f,src/ported/mod_network_mdns_mdns_189.rs
mod/network/neighbour/handler.go,neighbour,76,3,1,ab175b5990a69a2161d745747177ddd4d8b6e8bc77e517142733bc60e7933590,src/ported/mod_network_neighbour_handler_190.rs
mod/network/neighbour/neighbour.go,neighbour,185,8,2,b3c01c5c0ea181cd71a538f16bf1e9f9795ced076b6bb4d2cf090860f60889b7,src/ported/mod_network_neighbour_neighbour_191.rs
mod/network/netstat/netstat.go,netstat,147,2,0,dd595040f2ac08625c05e285e7c4328f907c6cce7472aab08038d6c20b024d6d,src/ported/mod_network_netstat_netstat_192.rs
mod/network/network.go,network,224,8,1,25e559dbae0b63ddecab295368d57c5a1bbbd81618f5c9c5014c94d1ca383102,src/ported/mod_network_network_193.rs
mod/network/reverseproxy/reverse.go,reverseproxy,387,13,4,7772491ce9c583bf932fcd6758ecf988caac0b67c6922d656ffd37055c8f8cf2,src/ported/mod_network_reverseproxy_reverse_194.rs
mod/network/ssdp/ssdp.go,ssdp,168,6,2,2b5511325efbd0e15093520eb0052201a4396ae72a6c1b823a06080530e47724,src/ported/mod_network_ssdp_ssdp_195.rs
mod/network/upnp/upnp.go,upnp,133,5,1,e5b061ba37d5fd99f987cf5c9283c42d78c896d2fdb5097f0060731bed8187d3,src/ported/mod_network_upnp_upnp_196.rs
mod/network/webdav/file.go,webdav,802,36,7,146fead91d484cc0d40e5972d37fabfd8ba30dc7f21680efacb74488d8088f29,src/ported/mod_network_webdav_file_197.rs
mod/network/webdav/file_test.go,webdav,1182,15,0,9b0dee41d5038dd798869ccf4e6759d0e9a8fd953cfa9492007c2d3d0923faaa,src/ported/mod_network_webdav_file_test_198.rs
mod/network/webdav/if.go,webdav,173,6,2,d8ea0d54abda91a043ea2bb372710d6d92930062b33c0c869c923bdd51f5ec50,src/ported/mod_network_webdav_if_199.rs
mod/network/webdav/if_test.go,webdav,322,1,0,6fa68d97f4093ee4788dc761531c2a538e35bad95c9a37234ae5acd5492e7709,src/ported/mod_network_webdav_if_test_200.rs
mod/network/webdav/internal/xml/atom_test.go,xml,56,2,0,73e80ce60046bbcb61ae206610e935abe76094a79a48d7bcada3a4423531dd04,src/ported/mod_network_webdav_internal_xml_atom_test_201.rs
mod/network/webdav/internal/xml/example_test.go,xml_test,151,3,0,83eace96cab39fb595e25fa695ac21c6c3602a2808b223f64c93e848905af791,src/ported/mod_network_webdav_internal_xml_example_test_202.rs
mod/network/webdav/internal/xml/marshal.go,xml,1223,33,7,9369f9331daf308bcc0d17b84133d0009bd74b82bcbcd6d3d89f5844018522e3,src/ported/mod_network_webdav_internal_xml_marshal_203.rs
mod/network/webdav/internal/xml/marshal_test.go,xml,1939,22,67,af57832bfcb8126a19d5a6f4164788c354f79092e6c236adb517f55937e3b99f,src/ported/mod_network_webdav_internal_xml_marshal_test_204.rs
mod/network/webdav/internal/xml/read.go,xml,692,12,3,68dbe783fe58a7bb6a89ac9fde9bd0d1b9c281990ff292b83913fe90aec3ce8b,src/ported/mod_network_webdav_internal_xml_read_205.rs
mod/network/webdav/internal/xml/read_test.go,xml,744,15,27,572e83b5ca477df875e8dc8aaaeec1d4d759ccbed764b928acfa0c4b56c12e04,src/ported/mod_network_webdav_internal_xml_read_test_206.rs
mod/network/webdav/internal/xml/typeinfo.go,xml,371,7,4,b899c6a29eb958a215f8db3bc2435f38a938c683b9ee6c98d44a11053156bf01,src/ported/mod_network_webdav_internal_xml_typeinfo_207.rs
mod/network/webdav/internal/xml/xml.go,xml,1998,46,12,d76c5723e51f659b591892a9b4d21b4e6c0168aa70f0f44708b3cbb3c777a59c,src/ported/mod_network_webdav_internal_xml_xml_208.rs
mod/network/webdav/internal/xml/xml_test.go,xml,752,27,5,c9c9a78302c5bd49f59621d224154984a2f7c4d3b06733d92cda2c979bce1fea,src/ported/mod_network_webdav_internal_xml_xml_test_209.rs
mod/network/webdav/litmus_test_server.go,main,94,1,0,a69a841c9dae34d2e897c893fa94cf61b8dc379886f360606a08797413a8b6dd,src/ported/mod_network_webdav_litmus_test_server_210.rs
mod/network/webdav/lock.go,webdav,445,20,6,a29231c7bb38de6f0d527ac84c6b2e3bfec449d0b6afef07d29f01601793f3c4,src/ported/mod_network_webdav_lock_211.rs
mod/network/webdav/lock_test.go,webdav,735,10,0,ab4638e9f600afb9a19687da9374bdf4d740ddddbb6de34ae03aca0e226e99e2,src/ported/mod_network_webdav_lock_test_212.rs
mod/network/webdav/prop.go,webdav,469,13,5,63231be3d3b879e4d98a855270c3c6b0d0e9d1934887ed940a108af9e3932948,src/ported/mod_network_webdav_prop_213.rs
mod/network/webdav/prop_test.go,webdav,716,22,7,fafbc38922b001bc9c90cfec6769df9cb95529d910f66061d46b43cf6785a0e4,src/ported/mod_network_webdav_prop_test_214.rs
mod/network/webdav/webdav.go,webdav,760,18,1,86daac1afefa7bac3b4ba4f4580d5a4e6a4b6c3fcbb152e46c437b49219a5b46,src/ported/mod_network_webdav_webdav_215.rs
mod/network/webdav/webdav_test.go,webdav,348,3,0,0a144d789c9b11f49d8be99809289722d65b243e50c2c960cd089d8bdcc91620,src/ported/mod_network_webdav_webdav_test_216.rs
mod/network/webdav/xml.go,webdav,519,15,16,0f0ff6ac115cac7beb6a9185ac5b43c15780b40747b57c97b9223871a0d00fb0,src/ported/mod_network_webdav_xml_217.rs
mod/network/websocket/websocket.go,websocket,16,2,1,e7d83f7c2eb6f29eede82db995f41e655cd6e9970a2a1e9148137a67003fd940,src/ported/mod_network_websocket_websocket_218.rs
mod/network/websocketproxy/websocketproxy.go,websocketproxy,234,5,1,3c2b22c1953b407632d923a9fb379eb0f43b61ecc4305154fcd76c3e05b34aed,src/ported/mod_network_websocketproxy_websocketproxy_219.rs
mod/network/websocketproxy/websocketproxy_test.go,websocketproxy,131,1,0,900fc5ae608c43d9d90317a8cff95da1f057f114309199a976012dcaa59c2b99,src/ported/mod_network_websocketproxy_websocketproxy_test_220.rs
mod/network/wifi/types.go,wifi,48,0,2,f4f54a504043e49011724a2b372aab05106f772aaf9a7c0706a952f142fa12ab,src/ported/mod_network_wifi_types_221.rs
mod/network/wifi/wifi.go,wifi,31,1,1,102383a8d42484ca1fc5fb6b0104a9ed543a8cb198f5adf15e88ea49a20fdc8c,src/ported/mod_network_wifi_wifi_222.rs
mod/network/wifi/wifi_darwin.go,wifi,37,7,0,1f2148e1be290c5c777ad79cf83aed90e0039d46c697a211aea82c7309c8c957,src/ported/mod_network_wifi_wifi_darwin_223.rs
mod/network/wifi/wifi_freebsd.go,wifi,37,7,0,a96ec753d20ccdfe44df5a9f4b06ca4e5542dce5965b6821869df93ef0d2ffe0,src/ported/mod_network_wifi_wifi_freebsd_224.rs
mod/network/wifi/wifi_linux.go,wifi,666,12,0,917c37c0095a8b3661e7304be9f5b9293e8e32ca9d33d9e5048eb3259f392bcf,src/ported/mod_network_wifi_wifi_linux_225.rs
mod/network/wifi/wifi_windows.go,wifi,198,7,0,9db2881018dc98abf0a02ca7f7a98d8e71388823a861cad8da04a3fc336d6c7b,src/ported/mod_network_wifi_wifi_windows_226.rs
mod/notification/agents/smtpn/smtpn.go,smtpn,138,8,1,8b3e478d2ea06a54fe2a5bd02312d71f3ced1366d81bbd809f947b6c1a9a2e0d,src/ported/mod_notification_agents_smtpn_smtpn_227.rs
mod/notification/notification.go,notification,83,3,4,03c5be35809165342892cbf5cd78fdd12c3536bef4b2284e140fc9b44b7f1fb1,src/ported/mod_notification_notification_228.rs
mod/permission/group.go,permission,37,3,0,5b03d368fb5e704ffeae33b5d203118171e04e634f7e61388045c420e68a35d6,src/ported/mod_permission_group_229.rs
mod/permission/permission.go,permission,241,11,2,618b64362c278aa85a677e1ae461d524e4f18d597f726e3cf7cc0c0a94f6e800,src/ported/mod_permission_permission_230.rs
mod/permission/request.go,permission,242,4,0,2d3712866a4df55b612994b8aba7fe781b0827b9c15dce0e73556141164db32f,src/ported/mod_permission_request_231.rs
mod/permission/static.go,permission,16,1,0,d5a17edda93075776d1d212398688e128a78506e5ff8cabed50f06186a986361,src/ported/mod_permission_static_232.rs
mod/prouter/lanCheck.go,prouter,110,3,1,9e760aeb49b5c01e6fbe17fd31e950ca58825323be93a056704ff22492eede6b,src/ported/mod_prouter_lancheck_233.rs
mod/prouter/prouter.go,prouter,114,2,2,0514f7df55f0bef3bbb865af3a9886c9ac89b2c5f16ff81f7e35720ba57e49f5,src/ported/mod_prouter_prouter_234.rs
mod/quota/quota.go,quota,158,11,1,f11fc768601f94521bbba557f546c102783379c14554d0558ed1f75e661fdb49,src/ported/mod_quota_quota_235.rs
mod/security/csrf/csrf.go,csrf,113,5,2,b81c6b5283a629a46cd0bc45d2b6450c87cf3ca8dead7a61bb112f946530c953,src/ported/mod_security_csrf_csrf_236.rs
mod/security/csrf/handlers.go,csrf,35,2,0,89df3919da15d124ce304621b87dbaaf67a80bb69365b3eac376bd14dc1ef2f7,src/ported/mod_security_csrf_handlers_237.rs
mod/share/share.go,share,1420,25,2,84f9d1745168e1b2ab09b6c048f41f6330294019afe2fa0f50944e497ffe464e,src/ported/mod_share_share_238.rs
mod/share/shareEntry/shareEntry.go,shareEntry,258,12,2,503cc7147d306b05f160e9d72e6c65314e36ef73336bbd5a79f08bc80fa6603a,src/ported/mod_share_shareentry_shareentry_239.rs
mod/share/shareEntry/shareOptions.go,shareEntry,27,2,0,3b233e5e3b1ab226645ec1031e352293596ffeec5ad7d85ecc2e296eeba7d954,src/ported/mod_share_shareentry_shareoptions_240.rs
mod/share/shareEntry/utils.go,shareEntry,10,1,0,debdb89c44f508601d73f049530974860f250a0639c5a878031e75533f7d0661,src/ported/mod_share_shareentry_utils_241.rs
mod/storage/billyconv/billyconv.go,billyconv,211,30,3,fc5bdc30bfed3a7480ca8b9395cf1370bc43929492b652fe07bf9f345822b6b3,src/ported/mod_storage_billyconv_billyconv_242.rs
mod/storage/bridge/bridge.go,bridge,130,7,2,daa6320c37fe11e893111cc63d4dce863187881b72904cb5b546f9dfc42debc1,src/ported/mod_storage_bridge_bridge_243.rs
mod/storage/du/diskusage.go,du,44,6,1,df3e8875ad939ffad6a0775381071e1f31b915455bc9ceb9a53387dc357e81ad,src/ported/mod_storage_du_diskusage_244.rs
mod/storage/du/diskusage_test.go,du,17,1,0,ae304445f9ddef1d9944b50d2cfd2860a246a883fb4e772524c490d32d2c2600,src/ported/mod_storage_du_diskusage_test_245.rs
mod/storage/du/diskusage_windows.go,du,55,6,1,a7299fe19e5b3c350e361e089d3dc6abcf0c95d72ad1e337de38a82e3659065d,src/ported/mod_storage_du_diskusage_windows_246.rs
mod/storage/ftp/aofs.go,ftp,276,16,1,1d6cbb5a2fbb7a34cdbe6d431f3e5e990e257271f7802f5d8f42ff3df68eeb63,src/ported/mod_storage_ftp_aofs_247.rs
mod/storage/ftp/drivers.go,ftp,100,5,0,19a332527682a934c8ffb8a6a5900e1bcb0bfa302ba1f5f18a24c34b61de8b4c,src/ported/mod_storage_ftp_drivers_248.rs
mod/storage/ftp/ftp.go,ftp,90,4,2,3c93cdc7a044e4ecb1d96b695455b5df1699b3c8056f45bcd432943102940883,src/ported/mod_storage_ftp_ftp_249.rs
mod/storage/sftpserver/sftpserver.go,sftpserver,190,2,2,1146647b22027df963d1af3ad5421e5c0a3d4e3e0ed54ee6545743517fa9b5be,src/ported/mod_storage_sftpserver_sftpserver_250.rs
mod/storage/sftpserver/vroot.go,sftpserver,530,49,6,c79aa7293833e06c3ee546cca1e31d35337cd5f584b99ff13b250af71a99195e,src/ported/mod_storage_sftpserver_vroot_251.rs
mod/storage/static.go,storage,16,1,0,a4f89c6a0c0a39931c46e46ba0846cbf8fb2878d46545474a4ff7806ee369244,src/ported/mod_storage_static_252.rs
mod/storage/storage.go,storage,137,9,1,fbcd1577e1301e45f992f893d8629b4ea807522de96512bc385669c6cece6cdc,src/ported/mod_storage_storage_253.rs
mod/storage/tftp/aofs.go,tftp,257,16,1,9c0d8326c8462f77f21c5b8ed4889f2426146be755cb46ef647749ffa615e9e6,src/ported/mod_storage_tftp_aofs_254.rs
mod/storage/tftp/tftp.go,tftp,187,5,2,6ce53106ad22380201d29be4c08c55df37d933123ba4ca0a03655f7b8779b02a,src/ported/mod_storage_tftp_tftp_255.rs
mod/storage/webdav/common.go,webdav,170,13,0,1a0e84de9cd59696f4464f2a36a32b1089b0dc794e232664b8a5a8b951fc65de,src/ported/mod_storage_webdav_common_256.rs
mod/storage/webdav/fshAdapter.go,webdav,188,14,2,7219faf5c88cce8bb9b31488f7731b7eca31c82729ff167f1afc36a03eeea13e,src/ported/mod_storage_webdav_fshadapter_257.rs
mod/storage/webdav/webdav.go,webdav,334,7,2,96df6c8b83c7ea2a727a145b34a7cf09e6d979a2c57394cd0bae4ee7420dbe3d,src/ported/mod_storage_webdav_webdav_258.rs
mod/storage/webdav/webdavWindowHandler.go,webdav,167,2,0,10a81a6c14a3ac1afdd76d0721069121432aaf36c8d57971f790ae3af044763c,src/ported/mod_storage_webdav_webdavwindowhandler_259.rs
mod/subservice/common.go,subservice,196,18,0,fdea077eba187666384324306b9a5073d004546ff97c64f1db5979bc4bff0b94,src/ported/mod_subservice_common_260.rs
mod/subservice/subservice.go,subservice,610,16,2,ee7c4618c3786ff0ffd5a0eb7beef5da8754878b2e5248906785069cfa0f4fbf,src/ported/mod_subservice_subservice_261.rs
mod/time/nightly/nightly.go,nightly,50,3,1,cece842b1f9a07c2b8059f86f8f219d946ad4a722b2f59022142c0819635bba7,src/ported/mod_time_nightly_nightly_262.rs
mod/time/scheduler/handlers.go,scheduler,233,4,0,36901e3dff5290f81d8ab3c48db4493060dd8c831a93a5c25ca351fcb453c1eb,src/ported/mod_time_scheduler_handlers_263.rs
mod/time/scheduler/helper.go,scheduler,41,4,0,8f400c8b598573a3227b92d136707de7df8f38e371c0b78dfc14a35688c8e3c2,src/ported/mod_time_scheduler_helper_264.rs
mod/time/scheduler/scheduler.go,scheduler,230,8,3,72cdbdf2eb26197ab581623ea5ca855fd58757a9f7fdf39f441e20ad3eb31149,src/ported/mod_time_scheduler_scheduler_265.rs
mod/time/timezone/timezone.go,timezone,94,2,2,61895e91fe74c82a2237fbda904607afeefffae82bdc28099d99f00b30619cdb,src/ported/mod_time_timezone_timezone_266.rs
mod/updates/handler.go,updates,182,4,1,8fad7f9f94852bee2e00ab264d5ef1d176eb6b46ef42d2845fd5924207d2e365,src/ported/mod_updates_handler_267.rs
mod/updates/internal.go,updates,131,6,0,5d41391671d986def20ac3c743a50ee730f4bd88568423fa78bc88de33138664,src/ported/mod_updates_internal_268.rs
mod/updates/updates.go,updates,191,4,0,523519e82a7902c9ef78ace61e5bf2ea087d98f41122b90404385d72c4788ac8,src/ported/mod_updates_updates_269.rs
mod/user/directoryHandler.go,user,257,9,0,1d9e94f4be584a70964f9616a3d2ab7b9000c3cec442691e394d2a23e04c9c2c,src/ported/mod_user_directoryhandler_270.rs
mod/user/internal.go,user,38,3,0,a9bb207c9a4a0932c98f6c00d9d8d7a2bd8c94e3bc7a897bd9be906e56288095,src/ported/mod_user_internal_271.rs
mod/user/permissionHandler.go,user,225,12,0,8776e18fb6cb346430ad857e9e5390b36ebee5bf7a4faf53577e5cd9d27b2607,src/ported/mod_user_permissionhandler_272.rs
mod/user/quota.go,user,76,5,0,08f519b2d52bb2a7b5eaf463d614e246103ae16d503f0163f3718ee9485a7efb,src/ported/mod_user_quota_273.rs
mod/user/user.go,user,185,9,2,0e68ed32277af6535433c67131bf37d214a00b0bc027043f1a14f41a4b581246,src/ported/mod_user_user_274.rs
mod/user/useropr.go,user,30,4,0,77924c4660027b338c9cfe4e832282600bc4913d96d004fd76c25c532ff8cf14,src/ported/mod_user_useropr_275.rs
mod/utils/conv.go,utils,16,2,0,f335abbdbfe2602299669b81c1e111e74cf5b3af01cc782d12284ccbc75934e0,src/ported/mod_utils_conv_276.rs
mod/utils/conv_test.go,utils,69,2,0,869e9dc3a263b0243d2cfe2a7e559ca4f97ad6855a3a3d87fef57f8267644a3a,src/ported/mod_utils_conv_test_277.rs
mod/utils/utils.go,utils,238,20,0,2fa68fe82cb1808959ff1e0afc902f59ff84ea2f22741620a0f1f6a8c7af04c5,src/ported/mod_utils_utils_278.rs
mod/utils/utils_test.go,utils,96,6,0,31571b49d146f9af7d7105d854a6caa4fe53cd7d498493fd9b511d6c34157e1c,src/ported/mod_utils_utils_test_279.rs
mod/www/handler.go,www,93,4,0,ec05eaafc1c37ac347fb81f6e71579a283565dfab33f0fbe62d98203bdb6268b,src/ported/mod_www_handler_280.rs
mod/www/www.go,www,193,4,2,558849d9322ee1ef9af07ce90efbccea969314f79a4da02bad6538b99c94c64e,src/ported/mod_www_www_281.rs
module.go,main,197,3,0,ad901991c918ba95304a0576495d1af8f26fb0b8f935ccc38d10f874a606a628,src/ported/module_282.rs
module.util.go,main,104,1,0,133cde7611708cf49d6cff345297aec5cc470611af98d2462b7be431edd05eea,src/ported/module_util_283.rs
network.forward.go,main,172,2,0,2d26f604e3221df185bfade02013b75fa80c53450d812f34e7a14f5caac3f7b2,src/ported/network_forward_284.rs
network.go,main,613,8,0,6a71fe621b5de76c3aeb10ac43b847c1b8357df089c4b0daac65ecaeec7a9d90,src/ported/network_285.rs
notification.go,main,67,1,0,e523b6f6c0c604f249160a8937e949070b3779bd047f16b10055f64ee8a5b700,src/ported/notification_286.rs
oauth.go,main,36,1,0,36a146c8d2a11ce75349f2cd8f3316a887114710c096d93b435ac39556ffe084,src/ported/oauth_287.rs
permission.go,main,70,2,0,911303dc922fa40e5181a65fb1f90d895d7ee71c5f548824214ea2f94dfb7ae7,src/ported/permission_288.rs
quota.go,main,162,5,0,d38f4b6953f37b9ac239fff2761b52be6c29303e88ae3a3edd499a7d336d967a,src/ported/quota_289.rs
register.go,main,158,6,0,40f1a854316265bf936f5dc3ae1576637222317fec67795e8fc9b9acb91fb57b,src/ported/register_290.rs
scheduler.go,main,105,2,0,30e78369f687988d6dc826afd8f4b3ca89abf1b87d034477eea646fd08c29629,src/ported/scheduler_291.rs
security.go,main,55,1,0,3d79551510dc43135646101e122542ae8d330e2b0cf4bb8e4d54bd41dc0744a4,src/ported/security_292.rs
setting.advance.go,main,68,1,0,9142acbbe6007b5d2e2314c9cb80263503d93b696d229553e6f44516a25caffc,src/ported/setting_advance_293.rs
setting.go,main,166,4,2,317789130d614a15d7659e965346556bbcb034f08eea22f2848abe29d40b2a03,src/ported/setting_294.rs
startup.flags.go,main,104,2,0,6328c30e1822ee6d1a834e7e49ccbc939bafa5be47ba2a1c076c695a1187fcd6,src/ported/startup_flags_295.rs
startup.go,main,132,1,0,287099fc07780456a8dd2f47f3be76f3dfdc953f3ac0d7388005c8b118fb6cc1,src/ported/startup_296.rs
storage.bridge.go,main,144,5,0,d9cf8f51ea19b9a0b1584bb52cc5311d783b32c9b648f6b7eee206a6024860bf,src/ported/storage_bridge_297.rs
storage.go,main,437,16,0,c39ee84b2ca1e52d2b3b1f9f533de91340c9bec96f2beca79fb240dd48d634d0,src/ported/storage_298.rs
storage.pool.go,main,678,12,0,01040a641e3da547aae52a68d2de8eb0403db2283fb3a4c32cd095081ac14146,src/ported/storage_pool_299.rs
storage_reload_signal.go,main,49,1,0,d7a596420515d4f2c224e6a5660de4cc5d9ae6e315444836384b3110f386491f,src/ported/storage_reload_signal_300.rs
subservice.go,main,83,2,0,c98d789cadf8958f1c01800839be564ff3c4f1bad9447e856c4e517fce3ef2b6,src/ported/subservice_301.rs
system.go,main,211,9,0,c122972894ed1276bd5920d00051105576d6bb1f5c19db7d124d564e69ff03ff,src/ported/system_302.rs
system.info.go,main,241,3,0,01012711a4101542cf46c2cb473147a8528c09fa19f78545dc200271c3ce0982,src/ported/system_info_303.rs
system.resetpw.go,main,247,8,0,d1744a6037cb718d1df8c1f0c5c5bed0c007569eab50f90c7b609809317205f4,src/ported/system_resetpw_304.rs
test.go,main,13,1,0,920705f32ad93cecde500ac2ed004730dda43ea8e3cd859f58c216798c2982a7,src/ported/test_305.rs
user.go,main,565,9,0,1bb4f4c385bddacf85cacce9e320a87484c52b9a2f8f55632ae6b61bebce79ec,src/ported/user_306.rs
wifi.go,main,268,6,0,94e949f8a9dbb868d76e903cede87fddfbde0cdfb56addb956ebe10f00200b1e,src/ported/wifi_307.rs
